,Symbol,BoardMeetingDate
9,ACC,21-Apr-2020
19,BEARDSELL,25-Jun-2020
13,DRREDDY,13-May-2020
8,HDFCBANK,18-Apr-2020
10,MAHEPC,24-Apr-2020
11,PERSISTENT,25-Apr-2020
12,PRSMJOHNSN,12-May-2020
2,PSB,15-Apr-2020
14,RANEENGINE,18-May-2020
18,RANEHOLDIN,27-May-2020
15,RBL,19-May-2020
17,RML,20-May-2020
0,TATASTEEL,13-Apr-2020
16,TCI,19-May-2020
5,TCNSBRANDS,16-Apr-2020
6,TCS,16-Apr-2020
3,WIPRO,15-Apr-2020
