"Symbol","Company","Industry","Purpose","BoardMeetingDate"
"TATASTEEL","Tata Steel Limited","-","Fund Raising","13-Apr-2020"
"TATASTEEL","Tata Steel Limited","-","Fund Raising","13-Apr-2020"
"PSB","Punjab & Sind Bank","-","Fund Raising","15-Apr-2020"
"WIPRO","Wipro Limited","-","Financial Results/Dividend","15-Apr-2020"
"PSB","Punjab & Sind Bank","-","Fund Raising","15-Apr-2020"
"TCNSBRANDS","TCNS Clothing Co. Limited","-","Other business matters","16-Apr-2020"
"TCS","Tata Consultancy Services Limited","-","Financial Results/Dividend","16-Apr-2020"
"TCNSBRANDS","TCNS Clothing Co. Limited","-","Other business matters","16-Apr-2020"
"HDFCBANK","HDFC Bank Limited","-","Financial Results/Dividend","18-Apr-2020"
"ACC","ACC Limited","-","Financial Results","21-Apr-2020"
"MAHEPC","Mahindra EPC Irrigation Limited","-","Financial Results","24-Apr-2020"
"PERSISTENT","Persistent Systems Limited","-","Financial Results/Dividend","25-Apr-2020"
"PRSMJOHNSN","Prism Johnson Limited","-","Financial Results","12-May-2020"
"DRREDDY","Dr. Reddy's Laboratories Limited","-","Financial Results/Dividend","13-May-2020"
"RANEENGINE","Rane Engine Valve Limited","-","Financial Results","18-May-2020"
"RBL","Rane Brake Lining Limited","-","Financial Results","19-May-2020"
"TCI","Transport Corporation of India Limited","-","Financial Results","19-May-2020"
"RML","Rane (Madras) Limited","-","Financial Results","20-May-2020"
"RANEHOLDIN","Rane Holdings Limited","-","Financial Results","27-May-2020"
"BEARDSELL","Beardsell Limited","-","Financial Results","25-Jun-2020"
